round,constructor_id,team_points,pred_ridge,pred_rf,pred_media_equipe,pred_ultima_corrida,pred_media_global
6,alpine,15.0,7.406196039079525,6.207545139329194,6.8,12.0,9.181818181818182
6,aston_martin,1.0,-2.763252217854431,0.10413253881481438,0.0,0.0,9.181818181818182
6,audi,0.0,0.9303191942173274,0.42189428877509394,0.4,0.0,9.181818181818182
6,cadillac,0.0,0.2671375965808789,0.6776360630683391,0.0,0.0,9.181818181818182
6,ferrari,18.0,22.554326640607037,26.671364682430866,23.8,30.0,9.181818181818182
6,haas,2.0,0.6936726813535277,1.696406757458228,3.6,1.0,9.181818181818182
6,mclaren,10.0,17.200767525148528,18.35355072334214,14.2,0.0,9.181818181818182
6,mercedes,25.0,25.249019939081833,27.059394004960186,37.0,25.0,9.181818181818182
6,rb,14.0,5.5437020892662305,3.258778373143311,3.6,6.0,9.181818181818182
6,red_bull,12.0,17.941287699204082,20.59820350710521,10.2,25.0,9.181818181818182
6,williams,4.0,5.748613301698882,3.12197377241495,1.4,2.0,9.181818181818182
7,alpine,7.0,6.837334145151793,3.045698929796839,8.166666666666666,15.0,9.181818181818182
7,aston_martin,0.0,-1.9762371229856672,0.17066822022433498,0.1666666666666666,1.0,9.181818181818182
7,audi,0.0,4.254912643399387,5.427081590923696,0.3333333333333333,0.0,9.181818181818182
7,cadillac,0.0,1.3584093713743162,0.8989302529256082,0.0,0.0,9.181818181818182
7,ferrari,25.0,21.163380778821683,21.52964772280524,22.83333333333333,18.0,9.181818181818182
7,haas,0.0,2.0830539831508696,1.383050838580638,3.333333333333333,2.0,9.181818181818182
7,mclaren,25.0,15.53088515904341,17.886668158309423,13.5,10.0,9.181818181818182
7,mercedes,18.0,25.005869385744962,27.704856287660878,35.0,25.0,9.181818181818182
7,rb,6.0,7.216034919546436,6.840322036895565,5.333333333333333,14.0,9.181818181818182
7,red_bull,20.0,15.990329993553754,15.042478832112728,10.5,12.0,9.181818181818182
7,williams,0.0,2.276242626242528,1.2131109987793423,1.8333333333333333,4.0,9.181818181818182
8,alpine,0.0,6.8975982988588385,4.340560691286696,8.0,7.0,9.181818181818182
8,aston_martin,0.0,-2.1724705560264823,0.11369294659944286,0.1428571428571428,0.0,9.181818181818182
8,audi,0.0,3.217332459141259,0.7840596820820506,0.2857142857142857,0.0,9.181818181818182
8,cadillac,0.0,1.719065155742423,0.4160510718641524,0.0,0.0,9.181818181818182
8,ferrari,14.0,23.677708301827863,22.779653737616595,23.142857142857142,25.0,9.181818181818182
8,haas,0.0,2.6052773121592807,1.3331199167390337,2.857142857142857,0.0,9.181818181818182
8,mclaren,18.0,16.25258436189774,18.59514789541958,15.142857142857142,25.0,9.181818181818182
8,mercedes,40.0,22.077721249225306,24.83615806390033,32.57142857142857,18.0,9.181818181818182
8,rb,3.0,10.16648079770677,7.731461503981628,5.428571428571429,6.0,9.181818181818182
8,red_bull,26.0,16.007566297071264,19.7747025898365,11.857142857142858,20.0,9.181818181818182
8,williams,0.0,1.6437608656966667,0.9347620618094247,1.5714285714285714,0.0,9.181818181818182
9,alpine,3.0,5.034664352215517,3.123780900429123,7.0,0.0,9.181818181818182
9,aston_martin,0.0,-1.326737863129198,0.08895855154887264,0.125,0.0,9.181818181818182
9,audi,4.0,3.345819358317902,2.2332050272300736,0.25,0.0,9.181818181818182
9,cadillac,0.0,0.3326074850340728,0.08123891587054131,0.0,0.0,9.181818181818182
9,ferrari,40.0,22.748383089666355,20.718882317845548,22.0,14.0,9.181818181818182
9,haas,0.0,1.7101654421066925,0.748785137756039,2.5,0.0,9.181818181818182
9,mclaren,12.0,17.64260628143789,19.582762105269445,15.5,18.0,9.181818181818182
9,mercedes,18.0,24.35038629257651,27.808429760326817,33.5,40.0,9.181818181818182
9,rb,14.0,6.794161421796902,5.7448850092832275,5.125,3.0,9.181818181818182
9,red_bull,10.0,16.29930547614171,21.86002381061203,13.625,26.0,9.181818181818182
9,williams,0.0,2.4431307941947473,0.11961382415649423,1.375,0.0,9.181818181818182
10,alpine,1.0,4.780418373461611,4.113451055886172,6.555555555555555,3.0,9.181818181818182
10,aston_martin,0.0,-2.422563304253906,0.11647068927528154,0.1111111111111111,0.0,9.181818181818182
10,audi,4.0,4.2040975255617745,4.347512542932193,0.6666666666666666,4.0,9.181818181818182
10,cadillac,0.0,0.2941561573983176,0.12605547347611426,0.0,0.0,9.181818181818182
10,ferrari,30.0,22.764341706919154,21.244351675342777,24.0,40.0,9.181818181818182
10,haas,0.0,0.7213844672965042,0.693488717338253,2.2222222222222223,0.0,9.181818181818182
10,mclaren,16.0,18.631070109983934,20.26570974615053,15.11111111111111,12.0,9.181818181818182
10,mercedes,25.0,23.60889844357208,27.826443805506504,31.77777777777778,18.0,9.181818181818182
10,rb,2.0,8.717290109439036,8.266303591961876,6.111111111111111,14.0,9.181818181818182
10,red_bull,23.0,17.065732784981446,20.567840224704767,13.22222222222222,10.0,9.181818181818182
10,williams,0.0,1.7995460293766037,0.1186659934507479,1.2222222222222223,0.0,9.181818181818182
11,alpine,0.0,4.026241934644096,3.047800890472309,6.0,1.0,9.181818181818182
11,aston_martin,0.0,0.7936683857286422,0.07877858774934254,0.1,0.0,9.181818181818182
11,audi,2.0,4.760410236453783,4.889048704660609,1.0,4.0,9.181818181818182
11,cadillac,0.0,-1.8287793767574687,0.06780249902325383,0.0,0.0,9.181818181818182
11,ferrari,22.0,25.140221847420644,26.235547902561823,24.6,30.0,9.181818181818182
11,haas,0.0,1.042418415651893,0.608570297893456,2.0,0.0,9.181818181818182
11,mclaren,25.0,20.92141603041125,22.202321670188546,15.2,16.0,9.181818181818182
11,mercedes,21.0,22.57935038688636,22.989664862113013,31.1,25.0,9.181818181818182
11,rb,5.0,7.6359250647901815,6.9963045141818245,5.7,2.0,9.181818181818182
11,red_bull,26.0,16.13961575829221,13.543430568582643,14.2,23.0,9.181818181818182
11,williams,0.0,0.14771522868748477,0.09172412360323753,1.1,0.0,9.181818181818182
12,alpine,1.0,4.4992133451216745,2.469105717830363,5.454545454545454,0.0,9.181818181818182
12,aston_martin,2.0,0.19940655625696024,0.037658575237440574,0.0909090909090909,0.0,9.181818181818182
12,audi,4.0,3.763970417838256,3.8940675865528807,1.0909090909090908,2.0,9.181818181818182
12,cadillac,0.0,-1.1161798610150555,0.06358582698033075,0.0,0.0,9.181818181818182
12,ferrari,22.0,22.54240335549173,23.626481532900645,24.363636363636363,22.0,9.181818181818182
12,haas,0.0,1.3116331595795936,0.7567597317676092,1.818181818181818,0.0,9.181818181818182
12,mclaren,33.0,20.66400414769891,23.56074286035315,16.09090909090909,25.0,9.181818181818182
12,mercedes,33.0,22.319924184215683,24.565488168421982,30.181818181818183,21.0,9.181818181818182
12,rb,0.0,7.008664991866734,6.442651211805625,5.636363636363637,5.0,9.181818181818182
12,red_bull,6.0,17.766106653507464,12.141551049440766,15.272727272727272,26.0,9.181818181818182
12,williams,0.0,1.2681033681083305,0.06584554389286275,1.0,0.0,9.181818181818182
