race_id,round,circuit_id,constructor_id,team_points,dnf_count,track_type,grid_best,grid_mean,hist_circuit_points,form_last3,form_todate,dnf_rate_todate
2,2,shanghai,alpine,9.0,0,tecnica,7,9.5,3.0,1.0,1.0,0.0
2,2,shanghai,aston_martin,0.0,2,tecnica,19,20.0,2.0833333333333335,0.0,0.0,1.0
2,2,shanghai,audi,0.0,1,tecnica,11,13.5,0.16666666666666666,2.0,2.0,1.0
2,2,shanghai,cadillac,0.0,0,tecnica,20,21.0,9.25,0.0,0.0,1.0
2,2,shanghai,ferrari,27.0,0,tecnica,3,3.5,8.166666666666666,27.0,27.0,0.0
2,2,shanghai,haas,10.0,0,tecnica,10,11.5,4.5,6.0,6.0,0.0
2,2,shanghai,mclaren,0.0,2,tecnica,5,5.5,13.25,10.0,10.0,1.0
2,2,shanghai,mercedes,43.0,0,tecnica,1,1.5,7.833333333333334,43.0,43.0,0.0
2,2,shanghai,rb,6.0,0,tecnica,14,14.5,0.0,4.0,4.0,0.0
2,2,shanghai,red_bull,4.0,1,tecnica,8,8.5,8.166666666666666,8.0,8.0,1.0
2,2,shanghai,williams,2.0,1,tecnica,17,17.5,3.0,0.0,0.0,0.0
3,3,suzuka,alpine,6.0,0,tecnica,7,11.0,1.4,5.0,5.0,0.0
3,3,suzuka,aston_martin,0.0,1,tecnica,21,21.5,2.45,0.0,0.0,1.5
3,3,suzuka,audi,0.0,0,tecnica,9,11.0,0.0,1.0,1.0,1.0
3,3,suzuka,cadillac,0.0,0,tecnica,19,19.5,8.125,0.0,0.0,0.5
3,3,suzuka,ferrari,23.0,0,tecnica,4,5.0,10.3,27.0,27.0,0.0
3,3,suzuka,haas,1.0,1,tecnica,12,15.0,2.25,8.0,8.0,0.0
3,3,suzuka,mclaren,28.0,0,tecnica,3,4.0,10.366666666666667,5.0,5.0,1.5
3,3,suzuka,mercedes,37.0,0,tecnica,1,1.5,6.6,43.0,43.0,0.0
3,3,suzuka,rb,2.0,0,tecnica,10,12.0,0.0,5.0,5.0,0.0
3,3,suzuka,red_bull,4.0,0,tecnica,8,9.5,12.2,6.0,6.0,1.0
3,3,suzuka,williams,0.0,0,tecnica,16,16.5,4.699999999999999,1.0,1.0,0.5
4,4,miami,alpine,6.0,1,rua,8,8.5,1.0,5.333333333333333,5.333333333333333,0.0
4,4,miami,aston_martin,0.0,0,rua,17,17.5,2.25,0.0,0.0,1.3333333333333333
4,4,miami,audi,0.0,1,rua,10,15.5,0.0,0.6666666666666666,0.6666666666666666,0.6666666666666666
4,4,miami,cadillac,0.0,0,rua,19,19.5,8.0,0.0,0.0,0.3333333333333333
4,4,miami,ferrari,12.0,0,rua,3,4.5,9.125,25.666666666666668,25.666666666666668,0.0
4,4,miami,haas,0.0,0,rua,12,13.0,0.875,5.666666666666667,5.666666666666667,0.3333333333333333
4,4,miami,mclaren,33.0,0,rua,4,5.5,9.541666666666668,12.666666666666666,12.666666666666666,1.0
4,4,miami,mercedes,37.0,0,rua,1,3.0,9.125,41.0,41.0,0.0
4,4,miami,rb,0.0,1,rua,11,13.5,0.0,4.0,4.0,0.0
4,4,miami,red_bull,10.0,1,rua,2,12.0,10.25,5.333333333333333,5.333333333333333,0.6666666666666666
4,4,miami,williams,3.0,0,rua,13,14.0,6.125,0.6666666666666666,0.6666666666666666,0.3333333333333333
5,5,villeneuve,alpine,12.0,0,rua,10,12.0,0.6,7.0,5.5,0.25
5,5,villeneuve,aston_martin,0.0,1,rua,19,20.0,5.35,0.0,0.0,1.0
5,5,villeneuve,audi,0.0,0,rua,11,12.0,1.25,0.0,0.5,0.75
5,5,villeneuve,cadillac,0.0,1,rua,20,21.0,3.625,0.0,0.0,0.25
5,5,villeneuve,ferrari,30.0,0,rua,5,6.5,12.3,20.666666666666668,22.25,0.0
5,5,villeneuve,haas,1.0,0,rua,16,16.5,1.875,3.6666666666666665,4.25,0.25
5,5,villeneuve,mclaren,0.0,1,rua,3,3.5,5.466666666666667,20.333333333333332,17.75,0.75
5,5,villeneuve,mercedes,25.0,1,rua,1,1.5,12.7,39.0,40.0,0.0
5,5,villeneuve,rb,6.0,1,rua,9,10.5,0.0,2.6666666666666665,3.0,0.25
5,5,villeneuve,red_bull,25.0,0,rua,6,6.5,10.3,6.0,6.5,0.75
5,5,villeneuve,williams,2.0,1,rua,15,16.5,3.6,1.6666666666666667,1.25,0.25
7,6,monaco,alpine,15.0,0,rua,9,11.5,2.1666666666666665,8.0,6.8,0.2
7,6,monaco,aston_martin,1.0,1,rua,21,21.5,2.7333333333333334,0.0,0.0,1.0
7,6,monaco,audi,0.0,0,rua,13,14.5,0.0,0.0,0.4,0.6
7,6,monaco,cadillac,0.0,1,rua,18,19.0,5.4,0.0,0.0,0.4
7,6,monaco,ferrari,18.0,1,rua,3,3.5,10.75,21.666666666666668,23.8,0.0
7,6,monaco,haas,2.0,1,rua,17,18.0,2.3,0.6666666666666666,3.6,0.2
7,6,monaco,mclaren,10.0,1,rua,7,7.5,10.916666666666668,20.333333333333332,14.2,0.8
7,6,monaco,mercedes,25.0,0,rua,1,3.5,2.5,33.0,37.0,0.2
7,6,monaco,rb,14.0,0,rua,10,12.5,4.0,2.6666666666666665,3.6,0.4
7,6,monaco,red_bull,12.0,1,rua,2,3.5,12.083333333333334,13.0,10.2,0.6
7,6,monaco,williams,4.0,1,rua,11,11.5,6.133333333333333,1.6666666666666667,1.4,0.4
8,7,catalunya,alpine,7.0,0,mista,13,13.5,1.2857142857142858,11.0,8.166666666666666,0.16666666666666666
8,7,catalunya,aston_martin,0.0,2,mista,21,21.5,2.666666666666667,0.3333333333333333,0.16666666666666666,1.0
8,7,catalunya,audi,0.0,1,mista,9,10.5,1.25,0.0,0.3333333333333333,0.5
8,7,catalunya,cadillac,0.0,1,mista,19,19.5,9.333333333333332,0.0,0.0,0.5
8,7,catalunya,ferrari,25.0,1,mista,2,6.0,12.428571428571429,20.0,22.833333333333332,0.16666666666666666
8,7,catalunya,haas,0.0,1,mista,15,16.0,1.0833333333333333,1.0,3.3333333333333335,0.3333333333333333
8,7,catalunya,mclaren,25.0,0,mista,4,5.5,8.452380952380953,14.333333333333334,13.5,0.8333333333333334
8,7,catalunya,mercedes,18.0,1,mista,1,2.0,3.857142857142857,29.0,35.0,0.16666666666666666
8,7,catalunya,rb,6.0,0,mista,8,9.5,0.0,6.666666666666667,5.333333333333333,0.3333333333333333
8,7,catalunya,red_bull,20.0,0,mista,5,5.5,12.214285714285714,15.666666666666666,10.5,0.6666666666666666
8,7,catalunya,williams,0.0,0,mista,16,17.0,3.761904761904762,3.0,1.8333333333333333,0.5
9,8,red_bull_ring,alpine,0.0,0,alta_velocidade,11,13.5,0.888888888888889,11.333333333333334,8.0,0.14285714285714285
9,8,red_bull_ring,aston_martin,0.0,1,alta_velocidade,21,21.5,2.3333333333333335,0.3333333333333333,0.14285714285714285,1.1428571428571428
9,8,red_bull_ring,audi,0.0,0,alta_velocidade,12,13.0,3.25,0.0,0.2857142857142857,0.5714285714285714
9,8,red_bull_ring,cadillac,0.0,2,alta_velocidade,19,19.5,9.25,0.0,0.0,0.5714285714285714
9,8,red_bull_ring,ferrari,14.0,0,alta_velocidade,2,2.5,12.5,24.333333333333332,23.142857142857142,0.2857142857142857
9,8,red_bull_ring,haas,0.0,0,alta_velocidade,13,14.0,0.9375,1.0,2.857142857142857,0.42857142857142855
9,8,red_bull_ring,mclaren,18.0,0,alta_velocidade,6,6.5,11.666666666666668,11.666666666666666,15.142857142857142,0.7142857142857143
9,8,red_bull_ring,mercedes,40.0,0,alta_velocidade,1,2.5,2.9444444444444446,22.666666666666668,32.57142857142857,0.2857142857142857
9,8,red_bull_ring,rb,3.0,0,alta_velocidade,9,9.5,8.0,8.666666666666666,5.428571428571429,0.2857142857142857
9,8,red_bull_ring,red_bull,26.0,0,alta_velocidade,5,6.5,8.166666666666666,19.0,11.857142857142858,0.5714285714285714
9,8,red_bull_ring,williams,0.0,1,alta_velocidade,17,17.5,4.079365079365079,2.0,1.5714285714285714,0.42857142857142855
10,9,silverstone,alpine,3.0,0,alta_velocidade,12,15.5,1.625,7.333333333333333,7.0,0.125
10,9,silverstone,aston_martin,0.0,0,alta_velocidade,21,21.5,4.425,0.3333333333333333,0.125,1.125
10,9,silverstone,audi,4.0,1,alta_velocidade,11,12.0,2.5,0.0,0.25,0.5
10,9,silverstone,cadillac,0.0,0,alta_velocidade,18,19.0,6.0285714285714285,0.0,0.0,0.75
10,9,silverstone,ferrari,40.0,0,alta_velocidade,2,2.5,14.8125,19.0,22.0,0.25
10,9,silverstone,haas,0.0,0,alta_velocidade,14,15.5,1.0,0.6666666666666666,2.5,0.375
10,9,silverstone,mclaren,12.0,0,alta_velocidade,6,7.0,12.625,17.666666666666668,15.5,0.625
10,9,silverstone,mercedes,18.0,0,alta_velocidade,1,2.5,0.6875,27.666666666666668,33.5,0.25
10,9,silverstone,rb,14.0,0,alta_velocidade,9,9.5,0.0,7.666666666666667,5.125,0.25
10,9,silverstone,red_bull,10.0,1,alta_velocidade,5,6.0,7.125,19.333333333333332,13.625,0.5
10,9,silverstone,williams,0.0,1,alta_velocidade,15,15.5,5.026785714285714,1.3333333333333333,1.375,0.5
3541,10,spa,alpine,1.0,0,alta_velocidade,12,12.5,0.9285714285714286,3.3333333333333335,6.555555555555555,0.1111111111111111
3541,10,spa,aston_martin,0.0,1,alta_velocidade,21,21.5,2.757142857142857,0.0,0.1111111111111111,1.0
3541,10,spa,audi,4.0,0,alta_velocidade,9,11.5,1.5,1.3333333333333333,0.6666666666666666,0.5555555555555556
3541,10,spa,cadillac,0.0,1,alta_velocidade,19,19.5,7.083333333333333,0.0,0.0,0.6666666666666666
3541,10,spa,ferrari,30.0,0,alta_velocidade,5,5.5,12.464285714285715,26.333333333333332,24.0,0.2222222222222222
3541,10,spa,haas,0.0,0,alta_velocidade,16,17.0,2.0833333333333335,0.0,2.2222222222222223,0.3333333333333333
3541,10,spa,mclaren,16.0,0,alta_velocidade,3,5.0,10.023809523809524,18.333333333333332,15.11111111111111,0.5555555555555556
3541,10,spa,mercedes,25.0,1,alta_velocidade,1,2.5,2.7857142857142856,25.333333333333332,31.77777777777778,0.2222222222222222
3541,10,spa,rb,2.0,0,alta_velocidade,8,9.5,4.0,7.666666666666667,6.111111111111111,0.2222222222222222
3541,10,spa,red_bull,23.0,0,alta_velocidade,2,6.0,7.321428571428571,18.666666666666668,13.222222222222221,0.5555555555555556
3541,10,spa,williams,0.0,0,alta_velocidade,15,16.0,3.928571428571429,0.0,1.2222222222222223,0.5555555555555556
3543,11,hungaroring,alpine,0.0,0,tecnica,12,12.5,1.3571428571428572,1.3333333333333333,6.0,0.1
3543,11,hungaroring,aston_martin,0.0,0,tecnica,16,18.0,4.228571428571429,0.0,0.1,1.0
3543,11,hungaroring,audi,2.0,0,tecnica,10,12.0,4.0,2.6666666666666665,1.0,0.5
3543,11,hungaroring,cadillac,0.0,2,tecnica,21,21.5,4.666666666666667,0.0,0.0,0.7
3543,11,hungaroring,ferrari,22.0,0,tecnica,2,2.5,11.785714285714285,28.0,24.6,0.2
3543,11,hungaroring,haas,0.0,0,tecnica,15,16.0,2.25,0.0,2.0,0.3
3543,11,hungaroring,mclaren,25.0,1,tecnica,1,3.0,13.761904761904763,15.333333333333334,15.2,0.5
3543,11,hungaroring,mercedes,21.0,0,tecnica,4,5.5,3.857142857142857,27.666666666666668,31.1,0.3
3543,11,hungaroring,rb,5.0,0,tecnica,9,10.0,4.0,6.333333333333333,5.7,0.2
3543,11,hungaroring,red_bull,26.0,0,tecnica,6,7.0,7.285714285714286,19.666666666666668,14.2,0.5
3543,11,hungaroring,williams,0.0,0,tecnica,18,18.5,4.559523809523809,0.0,1.1,0.5
3544,12,zandvoort,alpine,1.0,0,tecnica,11,12.5,2.9,1.3333333333333333,5.454545454545454,0.09090909090909091
3544,12,zandvoort,aston_martin,2.0,1,tecnica,18,18.5,4.7,0.0,0.09090909090909091,0.9090909090909091
3544,12,zandvoort,audi,4.0,0,tecnica,9,11.0,0.0,3.3333333333333335,1.0909090909090908,0.45454545454545453
3544,12,zandvoort,cadillac,0.0,1,tecnica,21,21.5,6.125,0.0,0.0,0.8181818181818182
3544,12,zandvoort,ferrari,22.0,0,tecnica,5,5.5,8.3,30.666666666666668,24.363636363636363,0.18181818181818182
3544,12,zandvoort,haas,0.0,2,tecnica,15,17.5,4.6,0.0,1.8181818181818181,0.2727272727272727
3544,12,zandvoort,mclaren,33.0,0,tecnica,1,2.5,10.4,17.666666666666668,16.09090909090909,0.5454545454545454
3544,12,zandvoort,mercedes,33.0,0,tecnica,2,2.5,3.6,21.333333333333332,30.181818181818183,0.2727272727272727
3544,12,zandvoort,rb,0.0,0,tecnica,10,11.0,,7.0,5.636363636363637,0.18181818181818182
3544,12,zandvoort,red_bull,6.0,1,tecnica,7,7.5,11.2,19.666666666666668,15.272727272727273,0.45454545454545453
3544,12,zandvoort,williams,0.0,1,tecnica,16,16.5,4.75,0.0,1.0,0.45454545454545453
